"Label (Grouping)","New Jersey!!Estimate","New Jersey!!Margin of Error","New Jersey!!Percent","New Jersey!!Percent Margin of Error","Atlantic County, New Jersey!!Estimate","Atlantic County, New Jersey!!Margin of Error","Atlantic County, New Jersey!!Percent","Atlantic County, New Jersey!!Percent Margin of Error","Bergen County, New Jersey!!Estimate","Bergen County, New Jersey!!Margin of Error","Bergen County, New Jersey!!Percent","Bergen County, New Jersey!!Percent Margin of Error","Burlington County, New Jersey!!Estimate","Burlington County, New Jersey!!Margin of Error","Burlington County, New Jersey!!Percent","Burlington County, New Jersey!!Percent Margin of Error","Camden County, New Jersey!!Estimate","Camden County, New Jersey!!Margin of Error","Camden County, New Jersey!!Percent","Camden County, New Jersey!!Percent Margin of Error","Cape May County, New Jersey!!Estimate","Cape May County, New Jersey!!Margin of Error","Cape May County, New Jersey!!Percent","Cape May County, New Jersey!!Percent Margin of Error","Cumberland County, New Jersey!!Estimate","Cumberland County, New Jersey!!Margin of Error","Cumberland County, New Jersey!!Percent","Cumberland County, New Jersey!!Percent Margin of Error","Essex County, New Jersey!!Estimate","Essex County, New Jersey!!Margin of Error","Essex County, New Jersey!!Percent","Essex County, New Jersey!!Percent Margin of Error","Gloucester County, New Jersey!!Estimate","Gloucester County, New Jersey!!Margin of Error","Gloucester County, New Jersey!!Percent","Gloucester County, New Jersey!!Percent Margin of Error","Hudson County, New Jersey!!Estimate","Hudson County, New Jersey!!Margin of Error","Hudson County, New Jersey!!Percent","Hudson County, New Jersey!!Percent Margin of Error","Hunterdon County, New Jersey!!Estimate","Hunterdon County, New Jersey!!Margin of Error","Hunterdon County, New Jersey!!Percent","Hunterdon County, New Jersey!!Percent Margin of Error","Mercer County, New Jersey!!Estimate","Mercer County, New Jersey!!Margin of Error","Mercer County, New Jersey!!Percent","Mercer County, New Jersey!!Percent Margin of Error","Middlesex County, New Jersey!!Estimate","Middlesex County, New Jersey!!Margin of Error","Middlesex County, New Jersey!!Percent","Middlesex County, New Jersey!!Percent Margin of Error","Monmouth County, New Jersey!!Estimate","Monmouth County, New Jersey!!Margin of Error","Monmouth County, New Jersey!!Percent","Monmouth County, New Jersey!!Percent Margin of Error","Morris County, New Jersey!!Estimate","Morris County, New Jersey!!Margin of Error","Morris County, New Jersey!!Percent","Morris County, New Jersey!!Percent Margin of Error","Ocean County, New Jersey!!Estimate","Ocean County, New Jersey!!Margin of Error","Ocean County, New Jersey!!Percent","Ocean County, New Jersey!!Percent Margin of Error","Passaic County, New Jersey!!Estimate","Passaic County, New Jersey!!Margin of Error","Passaic County, New Jersey!!Percent","Passaic County, New Jersey!!Percent Margin of Error","Salem County, New Jersey!!Estimate","Salem County, New Jersey!!Margin of Error","Salem County, New Jersey!!Percent","Salem County, New Jersey!!Percent Margin of Error","Somerset County, New Jersey!!Estimate","Somerset County, New Jersey!!Margin of Error","Somerset County, New Jersey!!Percent","Somerset County, New Jersey!!Percent Margin of Error","Sussex County, New Jersey!!Estimate","Sussex County, New Jersey!!Margin of Error","Sussex County, New Jersey!!Percent","Sussex County, New Jersey!!Percent Margin of Error","Union County, New Jersey!!Estimate","Union County, New Jersey!!Margin of Error","Union County, New Jersey!!Percent","Union County, New Jersey!!Percent Margin of Error","Warren County, New Jersey!!Estimate","Warren County, New Jersey!!Margin of Error","Warren County, New Jersey!!Percent","Warren County, New Jersey!!Percent Margin of Error"
"SEX AND AGE","","","","","","","","","","","","","","","","","","","","","","","","","","","","","","","","","","","","","","","","","","","","","","","","","","","","","","","","","","","","","","","","","","","","","","","","","","","","","","","","","","","","","","","",""
"    Total population","9,267,014","*****","9,267,014","(X)","274,704","*****","274,704","(X)","954,717","*****","954,717","(X)","464,226","*****","464,226","(X)","524,042","*****","524,042","(X)","95,236","*****","95,236","(X)","152,915","*****","152,915","(X)","854,130","*****","854,130","(X)","304,504","*****","304,504","(X)","710,478","*****","710,478","(X)","129,448","*****","129,448","(X)","383,286","*****","383,286","(X)","861,535","*****","861,535","(X)","643,615","*****","643,615","(X)","510,375","*****","510,375","(X)","646,434","*****","646,434","(X)","518,289","*****","518,289","(X)","64,973","*****","64,973","(X)","346,203","*****","346,203","(X)","145,117","*****","145,117","(X)","572,549","*****","572,549","(X)","110,238","*****","110,238","(X)"
"        Male","4,558,671","±425","49.2%","±0.1","133,755","±54","48.7%","±0.1","467,706","±59","49.0%","±0.1","229,230","±36","49.4%","±0.1","253,745","±41","48.4%","±0.1","46,213","±183","48.5%","±0.2","78,025","±131","51.0%","±0.1","414,880","±184","48.6%","±0.1","149,151","±44","49.0%","±0.1","354,747","±218","49.9%","±0.1","63,829","±73","49.3%","±0.1","189,507","±55","49.4%","±0.1","427,818","±121","49.7%","±0.1","315,588","±56","49.0%","±0.1","252,947","±41","49.6%","±0.1","314,617","±56","48.7%","±0.1","254,516","±41","49.1%","±0.1","31,886","±172","49.1%","±0.3","170,560","±54","49.3%","±0.1","72,876","±126","50.2%","±0.1","282,307","±89","49.3%","±0.1","54,768","±193","49.7%","±0.2"
"        Female","4,708,343","±425","50.8%","±0.1","140,949","±54","51.3%","±0.1","487,011","±59","51.0%","±0.1","234,996","±36","50.6%","±0.1","270,297","±41","51.6%","±0.1","49,023","±183","51.5%","±0.2","74,890","±131","49.0%","±0.1","439,250","±184","51.4%","±0.1","155,353","±44","51.0%","±0.1","355,731","±218","50.1%","±0.1","65,619","±73","50.7%","±0.1","193,779","±55","50.6%","±0.1","433,717","±121","50.3%","±0.1","328,027","±56","51.0%","±0.1","257,428","±41","50.4%","±0.1","331,817","±56","51.3%","±0.1","263,773","±41","50.9%","±0.1","33,087","±172","50.9%","±0.3","175,643","±54","50.7%","±0.1","72,241","±126","49.8%","±0.1","290,242","±89","50.7%","±0.1","55,470","±193","50.3%","±0.2"
"        Sex ratio (males per 100 females)","96.8","±0.1","(X)","(X)","94.9","±0.1","(X)","(X)","96.0","±0.1","(X)","(X)","97.5","±0.1","(X)","(X)","93.9","±0.1","(X)","(X)","94.3","±0.7","(X)","(X)","104.2","±0.4","(X)","(X)","94.5","±0.1","(X)","(X)","96.0","±0.1","(X)","(X)","99.7","±0.1","(X)","(X)","97.3","±0.2","(X)","(X)","97.8","±0.1","(X)","(X)","98.6","±0.1","(X)","(X)","96.2","±0.1","(X)","(X)","98.3","±0.1","(X)","(X)","94.8","±0.1","(X)","(X)","96.5","±0.1","(X)","(X)","96.4","±1.0","(X)","(X)","97.1","±0.1","(X)","(X)","100.9","±0.3","(X)","(X)","97.3","±0.1","(X)","(X)","98.7","±0.7","(X)","(X)"
"        Under 5 years","526,400","±265","5.7%","±0.1","14,330","±39","5.2%","±0.1","48,738","±9","5.1%","±0.1","23,548","*****","5.1%","*****","31,250","±33","6.0%","±0.1","4,131","±83","4.3%","±0.1","9,425","±6","6.2%","±0.1","53,778","±82","6.3%","±0.1","15,345","±38","5.0%","±0.1","45,876","±186","6.5%","±0.1","5,641","±13","4.4%","±0.1","21,529","±46","5.6%","±0.1","46,940","±21","5.4%","±0.1","32,114","±28","5.0%","±0.1","25,471","*****","5.0%","*****","47,219","±45","7.3%","±0.1","33,069","±26","6.4%","±0.1","3,598","±74","5.5%","±0.1","17,145","±31","5.0%","±0.1","6,812","±16","4.7%","±0.1","35,338","±40","6.2%","±0.1","5,103","±95","4.6%","±0.1"
"        5 to 9 years","552,385","±4,351","6.0%","±0.1","15,287","±799","5.6%","±0.3","52,770","±1,403","5.5%","±0.1","26,487","±871","5.7%","±0.2","33,519","±1,151","6.4%","±0.2","4,712","±372","4.9%","±0.4","10,154","±648","6.6%","±0.4","54,763","±1,627","6.4%","±0.2","18,980","±745","6.2%","±0.2","39,397","±1,265","5.5%","±0.2","6,602","±466","5.1%","±0.4","22,580","±892","5.9%","±0.2","50,589","±1,195","5.9%","±0.1","37,013","±1,220","5.8%","±0.2","28,352","±876","5.6%","±0.2","44,126","±1,218","6.8%","±0.2","33,237","±1,140","6.4%","±0.2","3,866","±299","6.0%","±0.5","20,243","±800","5.8%","±0.2","7,942","±409","5.5%","±0.3","36,490","±1,541","6.4%","±0.3","5,276","±507","4.8%","±0.5"
"        10 to 14 years","589,316","±4,384","6.4%","±0.1","17,515","±801","6.4%","±0.3","61,465","±1,404","6.4%","±0.1","27,882","±873","6.0%","±0.2","33,721","±1,147","6.4%","±0.2","4,817","±389","5.1%","±0.4","11,328","±648","7.4%","±0.4","59,811","±1,626","7.0%","±0.2","18,380","±747","6.0%","±0.2","36,054","±1,253","5.1%","±0.2","7,419","±468","5.7%","±0.4","25,030","±890","6.5%","±0.2","55,217","±1,186","6.4%","±0.1","39,484","±1,220","6.1%","±0.2","31,448","±872","6.2%","±0.2","43,716","±1,223","6.8%","±0.2","35,528","±1,143","6.9%","±0.2","4,250","±286","6.5%","±0.4","21,916","±798","6.3%","±0.2","7,979","±412","5.5%","±0.3","39,572","±1,535","6.9%","±0.3","6,784","±482","6.2%","±0.4"
"        15 to 19 years","585,215","±555","6.3%","±0.1","17,397","±39","6.3%","±0.1","59,276","±65","6.2%","±0.1","27,830","±46","6.0%","±0.1","32,452","±31","6.2%","±0.1","4,404","±207","4.6%","±0.2","9,863","±87","6.4%","±0.1","55,697","±47","6.5%","±0.1","20,902","±165","6.9%","±0.1","34,341","±148","4.8%","±0.1","7,937","±106","6.1%","±0.1","27,663","±182","7.2%","±0.1","59,602","±131","6.9%","±0.1","42,163","±56","6.6%","±0.1","33,164","±156","6.5%","±0.1","38,838","±90","6.0%","±0.1","34,981","±63","6.7%","±0.1","3,738","±108","5.8%","±0.2","22,561","±156","6.5%","±0.1","8,770","±132","6.0%","±0.1","36,907","±69","6.4%","±0.1","6,729","±136","6.1%","±0.1"
"        20 to 24 years","554,478","±710","6.0%","±0.1","17,375","±34","6.3%","±0.1","54,219","±83","5.7%","±0.1","26,423","±39","5.7%","±0.1","30,472","±58","5.8%","±0.1","4,558","±348","4.8%","±0.4","9,125","±61","6.0%","±0.1","54,093","±134","6.3%","±0.1","21,292","±156","7.0%","±0.1","40,147","±216","5.7%","±0.1","7,537","±180","5.8%","±0.1","26,955","±174","7.0%","±0.1","54,938","±69","6.4%","±0.1","37,390","±36","5.8%","±0.1","29,593","±144","5.8%","±0.1","34,091","±94","5.3%","±0.1","34,218","±26","6.6%","±0.1","4,158","±195","6.4%","±0.3","19,922","±153","5.8%","±0.1","7,950","±126","5.5%","±0.1","33,684","±17","5.9%","±0.1","6,338","±211","5.7%","±0.2"
"        25 to 34 years","1,189,007","±737","12.8%","±0.1","32,993","±51","12.0%","±0.1","109,077","±108","11.4%","±0.1","58,370","±37","12.6%","±0.1","71,994","±87","13.7%","±0.1","9,447","±326","9.9%","±0.3","21,018","±133","13.7%","±0.1","115,572","±117","13.5%","±0.1","37,532","±51","12.3%","±0.1","147,705","±137","20.8%","±0.1","12,373","±180","9.6%","±0.1","47,435","±51","12.4%","±0.1","110,996","±95","12.9%","±0.1","70,569","±47","11.0%","±0.1","57,194","±41","11.2%","±0.1","71,165","±82","11.0%","±0.1","68,723","±64","13.3%","±0.1","7,291","±199","11.2%","±0.3","39,047","±30","11.3%","±0.1","16,659","±222","11.5%","±0.2","71,215","±66","12.4%","±0.1","12,632","±372","11.5%","±0.3"
"        35 to 44 years","1,218,164","±641","13.1%","±0.1","30,911","±69","11.3%","±0.1","128,544","±82","13.5%","±0.1","60,185","±35","13.0%","±0.1","69,834","±50","13.3%","±0.1","9,392","±204","9.9%","±0.2","20,196","±95","13.2%","±0.1","120,576","±139","14.1%","±0.1","38,827","±44","12.8%","±0.1","116,522","±140","16.4%","±0.1","15,111","±176","11.7%","±0.1","49,747","±52","13.0%","±0.1","119,608","±66","13.9%","±0.1","75,860","±41","11.8%","±0.1","65,510","±40","12.8%","±0.1","66,566","±54","10.3%","±0.1","65,695","±87","12.7%","±0.1","8,123","±207","12.5%","±0.3","45,584","±56","13.2%","±0.1","17,723","±180","12.2%","±0.1","80,352","±62","14.0%","±0.1","13,298","±234","12.1%","±0.2"
"        45 to 54 years","1,220,240","±481","13.2%","±0.1","34,511","±55","12.6%","±0.1","133,870","±83","14.0%","±0.1","61,763","±30","13.3%","±0.1","66,428","±49","12.7%","±0.1","10,444","±129","11.0%","±0.1","19,106","±106","12.5%","±0.1","115,952","±149","13.6%","±0.1","40,232","±36","13.2%","±0.1","84,608","±103","11.9%","±0.1","18,291","±120","14.1%","±0.1","52,035","±61","13.6%","±0.1","115,123","±100","13.4%","±0.1","88,083","±45","13.7%","±0.1","72,196","±29","14.1%","±0.1","68,955","±43","10.7%","±0.1","65,758","±93","12.7%","±0.1","8,092","±168","12.5%","±0.3","50,611","±50","14.6%","±0.1","20,326","±203","14.0%","±0.1","78,813","±71","13.8%","±0.1","15,043","±165","13.6%","±0.1"
"        55 to 59 years","649,813","±5,376","7.0%","±0.1","19,488","±751","7.1%","±0.3","69,969","±1,714","7.3%","±0.2","35,279","±1,166","7.6%","±0.3","34,997","±1,074","6.7%","±0.2","6,827","±474","7.2%","±0.5","9,072","±533","5.9%","±0.3","54,486","±1,609","6.4%","±0.2","21,430","±842","7.0%","±0.3","42,848","±1,255","6.0%","±0.2","11,328","±657","8.8%","±0.5","25,175","±1,159","6.6%","±0.3","58,702","±1,436","6.8%","±0.2","50,654","±1,584","7.9%","±0.2","39,717","±1,035","7.8%","±0.2","41,749","±1,191","6.5%","±0.2","33,569","±1,189","6.5%","±0.2","4,702","±302","7.2%","±0.5","27,109","±938","7.8%","±0.3","12,668","±584","8.7%","±0.4","41,214","±1,309","7.2%","±0.2","8,830","±579","8.0%","±0.5"
"        60 to 64 years","622,180","±5,301","6.7%","±0.1","22,008","±748","8.0%","±0.3","66,441","±1,716","7.0%","±0.2","33,334","±1,167","7.2%","±0.3","34,404","±1,072","6.6%","±0.2","9,272","±452","9.7%","±0.5","9,822","±527","6.4%","±0.3","50,019","±1,595","5.9%","±0.2","21,473","±857","7.1%","±0.3","34,563","±1,252","4.9%","±0.2","11,136","±657","8.6%","±0.5","25,125","±1,157","6.6%","±0.3","53,932","±1,443","6.3%","±0.2","50,797","±1,578","7.9%","±0.2","36,971","±1,038","7.2%","±0.2","45,290","±1,178","7.0%","±0.2","33,124","±1,188","6.4%","±0.2","4,861","±310","7.5%","±0.5","24,730","±936","7.1%","±0.3","11,514","±583","7.9%","±0.4","34,120","±1,318","6.0%","±0.2","9,244","±575","8.4%","±0.5"
"        65 to 74 years","908,983","±356","9.8%","±0.1","31,611","±37","11.5%","±0.1","96,442","±71","10.1%","±0.1","47,918","±30","10.3%","±0.1","50,609","±47","9.7%","±0.1","16,068","±100","16.9%","±0.1","13,943","±95","9.1%","±0.1","70,370","±154","8.2%","±0.1","30,737","±46","10.1%","±0.1","52,137","±61","7.3%","±0.1","15,619","±98","12.1%","±0.1","35,212","±51","9.2%","±0.1","80,737","±69","9.4%","±0.1","71,107","±43","11.0%","±0.1","50,990","±42","10.0%","±0.1","79,206","±61","12.3%","±0.1","46,914","±77","9.1%","±0.1","7,261","±110","11.2%","±0.2","33,015","±28","9.5%","±0.1","16,850","±172","11.6%","±0.1","49,790","±62","8.7%","±0.1","12,447","±140","11.3%","±0.1"
"        75 to 84 years","457,595","±3,164","4.9%","±0.1","15,940","±608","5.8%","±0.2","50,615","±1,237","5.3%","±0.1","24,992","±706","5.4%","±0.2","24,702","±738","4.7%","±0.1","8,596","±292","9.0%","±0.3","6,877","±316","4.5%","±0.2","33,959","±895","4.0%","±0.1","13,916","±489","4.6%","±0.2","26,067","±705","3.7%","±0.1","7,377","±374","5.7%","±0.3","17,291","±635","4.5%","±0.2","38,881","±987","4.5%","±0.1","33,953","±971","5.3%","±0.2","27,021","±937","5.3%","±0.2","45,859","±1,021","7.1%","±0.2","23,750","±790","4.6%","±0.2","3,345","±242","5.1%","±0.4","16,694","±698","4.8%","±0.2","7,439","±422","5.1%","±0.3","24,241","±756","4.2%","±0.1","6,080","±291","5.5%","±0.3"
"        85 years and over","193,238","±3,213","2.1%","±0.1","5,338","±604","1.9%","±0.2","23,291","±1,233","2.4%","±0.1","10,215","±704","2.2%","±0.2","9,660","±738","1.8%","±0.1","2,568","±272","2.7%","±0.3","2,986","±323","2.0%","±0.2","15,054","±906","1.8%","±0.1","5,458","±490","1.8%","±0.2","10,213","±710","1.4%","±0.1","3,077","±378","2.4%","±0.3","7,509","±639","2.0%","±0.2","16,270","±978","1.9%","±0.1","14,428","±967","2.2%","±0.2","12,748","±939","2.5%","±0.2","19,654","±1,021","3.0%","±0.2","9,723","±785","1.9%","±0.2","1,688","±234","2.6%","±0.4","7,626","±696","2.2%","±0.2","2,485","±394","1.7%","±0.3","10,813","±756","1.9%","±0.1","2,434","±319","2.2%","±0.3"
"        Median age (years)","40.1","±0.1","(X)","(X)","42.2","±0.3","(X)","(X)","42.1","±0.2","(X)","(X)","41.7","±0.2","(X)","(X)","38.8","±0.2","(X)","(X)","51.4","±0.2","(X)","(X)","37.6","±0.3","(X)","(X)","37.7","±0.1","(X)","(X)","40.1","±0.3","(X)","(X)","35.8","±0.2","(X)","(X)","46.2","±0.2","(X)","(X)","39.2","±0.3","(X)","(X)","39.4","±0.2","(X)","(X)","43.2","±0.2","(X)","(X)","42.7","±0.2","(X)","(X)","41.4","±0.2","(X)","(X)","38.1","±0.2","(X)","(X)","41.9","±0.4","(X)","(X)","41.9","±0.2","(X)","(X)","44.1","±0.3","(X)","(X)","39.1","±0.2","(X)","(X)","43.9","±0.2","(X)","(X)"
"        Under 18 years","2,031,322","±262","21.9%","±0.1","57,615","±34","21.0%","±0.1","200,829","±18","21.0%","±0.1","96,046","*****","20.7%","*****","119,506","±24","22.8%","±0.1","16,519","±25","17.3%","±0.1","37,263","*****","24.4%","*****","202,319","±76","23.7%","±0.1","65,177","±49","21.4%","±0.1","142,298","±219","20.0%","±0.1","24,848","*****","19.2%","*****","84,044","*****","21.9%","*****","186,485","±41","21.6%","±0.1","135,467","±44","21.0%","±0.1","106,161","*****","20.8%","*****","160,999","±37","24.9%","±0.1","122,854","*****","23.7%","*****","14,221","*****","21.9%","*****","74,097","*****","21.4%","*****","28,394","±23","19.6%","±0.1","134,776","*****","23.5%","*****","21,404","±29","19.4%","±0.1"
"        16 years and over","7,477,249","±2,400","80.7%","±0.1","224,296","±385","81.7%","±0.1","778,758","±799","81.6%","±0.1","380,584","±435","82.0%","±0.1","418,210","±569","79.8%","±0.1","80,597","±258","84.6%","±0.3","119,461","±331","78.1%","±0.2","674,746","±810","79.0%","±0.1","247,419","±363","81.3%","±0.1","582,051","±587","81.9%","±0.1","108,575","±184","83.9%","±0.1","309,345","±582","80.7%","±0.2","697,485","±763","81.0%","±0.1","526,352","±666","81.8%","±0.1","417,893","±574","81.9%","±0.1","502,187","±600","77.7%","±0.1","409,435","±468","79.0%","±0.1","52,581","±144","80.9%","±0.2","282,215","±477","81.5%","±0.1","120,241","±198","82.9%","±0.1","452,925","±579","79.1%","±0.1","91,893","±199","83.4%","±0.2"
"        18 years and over","7,235,692","±262","78.1%","±0.1","217,089","±34","79.0%","±0.1","753,888","±18","79.0%","±0.1","368,180","*****","79.3%","*****","404,536","±24","77.2%","±0.1","78,717","±25","82.7%","±0.1","115,652","*****","75.6%","*****","651,811","±76","76.3%","±0.1","239,327","±49","78.6%","±0.1","568,180","±219","80.0%","±0.1","104,600","*****","80.8%","*****","299,242","*****","78.1%","*****","675,050","±41","78.4%","±0.1","508,148","±44","79.0%","±0.1","404,214","*****","79.2%","*****","485,435","±37","75.1%","±0.1","395,435","*****","76.3%","*****","50,752","*****","78.1%","*****","272,106","*****","78.6%","*****","116,723","±23","80.4%","±0.1","437,773","*****","76.5%","*****","88,834","±29","80.6%","±0.1"
"        21 years and over","6,905,680","±2,774","74.5%","±0.1","206,407","±572","75.1%","±0.2","722,764","±816","75.7%","±0.1","353,293","±553","76.1%","±0.1","387,714","±485","74.0%","±0.1","76,112","±418","79.9%","±0.4","110,458","±357","72.2%","±0.2","619,311","±1,145","72.5%","±0.1","226,402","±570","74.4%","±0.2","548,596","±554","77.2%","±0.1","100,454","±297","77.6%","±0.2","280,045","±724","73.1%","±0.2","635,688","±968","73.8%","±0.1","486,649","±672","75.6%","±0.1","386,640","±413","75.8%","±0.1","466,433","±663","72.2%","±0.1","373,958","±663","72.2%","±0.1","48,569","±202","74.8%","±0.3","260,699","±499","75.3%","±0.1","112,100","±268","77.2%","±0.2","418,251","±690","73.1%","±0.1","85,137","±271","77.2%","±0.2"
"        62 years and over","1,923,730","±4,641","20.8%","±0.1","66,186","±738","24.1%","±0.3","208,997","±1,542","21.9%","±0.2","102,821","±893","22.1%","±0.2","104,523","±831","19.9%","±0.2","32,593","±490","34.2%","±0.5","29,429","±490","19.2%","±0.3","149,068","±1,357","17.5%","±0.2","62,807","±820","20.6%","±0.3","107,843","±978","15.2%","±0.1","32,405","±597","25.0%","±0.5","74,488","±1,074","19.4%","±0.3","167,995","±1,193","19.5%","±0.1","148,822","±1,366","23.1%","±0.2","111,833","±1,031","21.9%","±0.2","172,806","±1,181","26.7%","±0.2","99,271","±1,067","19.2%","±0.2","15,210","±278","23.4%","±0.4","72,247","±760","20.9%","±0.2","33,627","±507","23.2%","±0.3","104,474","±1,084","18.2%","±0.2","26,285","±459","23.8%","±0.4"
"        65 years and over","1,559,816","±337","16.8%","±0.1","52,889","±52","19.3%","±0.1","170,348","±53","17.8%","±0.1","83,125","*****","17.9%","*****","84,971","±25","16.2%","±0.1","27,232","±103","28.6%","±0.1","23,806","±54","15.6%","±0.1","119,383","±112","14.0%","±0.1","50,111","±37","16.5%","±0.1","88,417","±83","12.4%","±0.1","26,073","±23","20.1%","±0.1","60,012","±37","15.7%","±0.1","135,888","±82","15.8%","±0.1","119,488","±27","18.6%","±0.1","90,759","±60","17.8%","±0.1","144,719","±51","22.4%","±0.1","80,387","±75","15.5%","±0.1","12,294","±97","18.9%","±0.1","57,335","±41","16.6%","±0.1","26,774","±144","18.4%","±0.1","84,844","±62","14.8%","±0.1","20,961","±81","19.0%","±0.1"
"        18 years and over","7,235,692","±262","7,235,692","(X)","217,089","±34","217,089","(X)","753,888","±18","753,888","(X)","368,180","*****","368,180","(X)","404,536","±24","404,536","(X)","78,717","±25","78,717","(X)","115,652","*****","115,652","(X)","651,811","±76","651,811","(X)","239,327","±49","239,327","(X)","568,180","±219","568,180","(X)","104,600","*****","104,600","(X)","299,242","*****","299,242","(X)","675,050","±41","675,050","(X)","508,148","±44","508,148","(X)","404,214","*****","404,214","(X)","485,435","±37","485,435","(X)","395,435","*****","395,435","(X)","50,752","*****","50,752","(X)","272,106","*****","272,106","(X)","116,723","±23","116,723","(X)","437,773","*****","437,773","(X)","88,834","±29","88,834","(X)"
"            Male","3,519,566","±314","48.6%","±0.1","104,139","±49","48.0%","±0.1","365,008","±39","48.4%","±0.1","180,191","*****","48.9%","*****","192,700","±32","47.6%","±0.1","38,027","±53","48.3%","±0.1","59,140","*****","51.1%","*****","311,595","±178","47.8%","±0.1","115,754","±50","48.4%","±0.1","282,366","±221","49.7%","±0.1","51,173","±20","48.9%","±0.1","146,260","*****","48.9%","*****","332,361","±45","49.2%","±0.1","246,513","±27","48.5%","±0.1","198,166","*****","49.0%","*****","231,956","±67","47.8%","±0.1","191,593","*****","48.5%","*****","24,686","±44","48.6%","±0.1","132,448","±41","48.7%","±0.1","58,321","±22","50.0%","±0.1","213,439","±67","48.8%","±0.1","43,730","±44","49.2%","±0.1"
"            Female","3,716,126","±202","51.4%","±0.1","112,950","±59","52.0%","±0.1","388,880","±32","51.6%","±0.1","187,989","*****","51.1%","*****","211,836","±25","52.4%","±0.1","40,690","±44","51.7%","±0.1","56,512","*****","48.9%","*****","340,216","±172","52.2%","±0.1","123,573","±38","51.6%","±0.1","285,814","±62","50.3%","±0.1","53,427","±20","51.1%","±0.1","152,982","*****","51.1%","*****","342,689","±60","50.8%","±0.1","261,635","±46","51.5%","±0.1","206,048","*****","51.0%","*****","253,479","±50","52.2%","±0.1","203,842","*****","51.5%","*****","26,066","±43","51.4%","±0.1","139,658","±41","51.3%","±0.1","58,402","*****","50.0%","±0.1","224,334","±67","51.2%","±0.1","45,104","±40","50.8%","±0.1"
"            Sex ratio (males per 100 females)","94.7","±0.1","(X)","(X)","92.2","±0.1","(X)","(X)","93.9","±0.1","(X)","(X)","95.9","*****","(X)","(X)","91.0","±0.1","(X)","(X)","93.5","±0.2","(X)","(X)","104.7","*****","(X)","(X)","91.6","±0.1","(X)","(X)","93.7","±0.1","(X)","(X)","98.8","±0.1","(X)","(X)","95.8","±0.1","(X)","(X)","95.6","*****","(X)","(X)","97.0","±0.1","(X)","(X)","94.2","±0.1","(X)","(X)","96.2","*****","(X)","(X)","91.5","±0.1","(X)","(X)","94.0","*****","(X)","(X)","94.7","±0.3","(X)","(X)","94.8","±0.1","(X)","(X)","99.9","±0.1","(X)","(X)","95.1","±0.1","(X)","(X)","97.0","±0.2","(X)","(X)"
"        65 years and over","1,559,816","±337","1,559,816","(X)","52,889","±52","52,889","(X)","170,348","±53","170,348","(X)","83,125","*****","83,125","(X)","84,971","±25","84,971","(X)","27,232","±103","27,232","(X)","23,806","±54","23,806","(X)","119,383","±112","119,383","(X)","50,111","±37","50,111","(X)","88,417","±83","88,417","(X)","26,073","±23","26,073","(X)","60,012","±37","60,012","(X)","135,888","±82","135,888","(X)","119,488","±27","119,488","(X)","90,759","±60","90,759","(X)","144,719","±51","144,719","(X)","80,387","±75","80,387","(X)","12,294","±97","12,294","(X)","57,335","±41","57,335","(X)","26,774","±144","26,774","(X)","84,844","±62","84,844","(X)","20,961","±81","20,961","(X)"
"            Male","686,574","±271","44.0%","±0.1","23,867","±47","45.1%","±0.1","75,483","±20","44.3%","±0.1","36,374","*****","43.8%","*****","36,786","±9","43.3%","±0.1","12,424","±102","45.6%","±0.2","10,602","±55","44.5%","±0.1","50,138","±140","42.0%","±0.1","22,233","±25","44.4%","±0.1","37,596","±54","42.5%","±0.1","12,279","±15","47.1%","±0.1","26,378","±26","44.0%","±0.1","60,715","±46","44.7%","±0.1","53,476","±3","44.8%","±0.1","40,641","±42","44.8%","±0.1","62,424","±49","43.1%","±0.1","35,124","±61","43.7%","±0.1","5,517","±84","44.9%","±0.4","25,405","±27","44.3%","±0.1","12,666","±89","47.3%","±0.2","36,878","±30","43.5%","±0.1","9,568","±24","45.6%","±0.2"
"            Female","873,242","±256","56.0%","±0.1","29,022","±17","54.9%","±0.1","94,865","±51","55.7%","±0.1","46,751","*****","56.2%","*****","48,185","±21","56.7%","±0.1","14,808","±50","54.4%","±0.2","13,204","*****","55.5%","±0.1","69,245","±139","58.0%","±0.1","27,878","±26","55.6%","±0.1","50,821","±61","57.5%","±0.1","13,794","±17","52.9%","±0.1","33,634","±28","56.0%","±0.1","75,173","±69","55.3%","±0.1","66,012","±28","55.2%","±0.1","50,118","±41","55.2%","±0.1","82,295","±19","56.9%","±0.1","45,263","±47","56.3%","±0.1","6,777","±49","55.1%","±0.4","31,930","±38","55.7%","±0.1","14,108","±93","52.7%","±0.2","47,966","±55","56.5%","±0.1","11,393","±76","54.4%","±0.2"
"            Sex ratio (males per 100 females)","78.6","±0.1","(X)","(X)","82.2","±0.2","(X)","(X)","79.6","±0.1","(X)","(X)","77.8","*****","(X)","(X)","76.3","±0.1","(X)","(X)","83.9","±0.8","(X)","(X)","80.3","±0.4","(X)","(X)","72.4","±0.3","(X)","(X)","79.8","±0.1","(X)","(X)","74.0","±0.1","(X)","(X)","89.0","±0.2","(X)","(X)","78.4","±0.1","(X)","(X)","80.8","±0.1","(X)","(X)","81.0","±0.1","(X)","(X)","81.1","±0.1","(X)","(X)","75.9","±0.1","(X)","(X)","77.6","±0.2","(X)","(X)","81.4","±1.4","(X)","(X)","79.6","±0.1","(X)","(X)","89.8","±0.7","(X)","(X)","76.9","±0.1","(X)","(X)","84.0","±0.6","(X)","(X)"
"RACE","","","","","","","","","","","","","","","","","","","","","","","","","","","","","","","","","","","","","","","","","","","","","","","","","","","","","","","","","","","","","","","","","","","","","","","","","","","","","","","","","","","","","","","",""
"    Total population","9,267,014","*****","9,267,014","(X)","274,704","*****","274,704","(X)","954,717","*****","954,717","(X)","464,226","*****","464,226","(X)","524,042","*****","524,042","(X)","95,236","*****","95,236","(X)","152,915","*****","152,915","(X)","854,130","*****","854,130","(X)","304,504","*****","304,504","(X)","710,478","*****","710,478","(X)","129,448","*****","129,448","(X)","383,286","*****","383,286","(X)","861,535","*****","861,535","(X)","643,615","*****","643,615","(X)","510,375","*****","510,375","(X)","646,434","*****","646,434","(X)","518,289","*****","518,289","(X)","64,973","*****","64,973","(X)","346,203","*****","346,203","(X)","145,117","*****","145,117","(X)","572,549","*****","572,549","(X)","110,238","*****","110,238","(X)"
"        One race","8,288,423","±12,761","89.4%","±0.1","246,548","±2,054","89.8%","±0.7","846,360","±4,172","88.7%","±0.4","425,794","±2,141","91.7%","±0.5","478,799","±2,670","91.4%","±0.5","89,733","±582","94.2%","±0.6","129,883","±1,947","84.9%","±1.3","756,839","±4,197","88.6%","±0.5","286,397","±1,574","94.1%","±0.5","581,993","±4,543","81.9%","±0.6","120,514","±881","93.1%","±0.7","348,414","±2,771","90.9%","±0.7","785,238","±3,251","91.1%","±0.4","594,705","±2,558","92.4%","±0.4","459,008","±2,442","89.9%","±0.5","605,731","±2,770","93.7%","±0.4","417,331","±3,837","80.5%","±0.7","60,910","±546","93.7%","±0.8","315,374","±2,232","91.1%","±0.6","133,827","±963","92.2%","±0.7","503,277","±3,598","87.9%","±0.6","101,748","±927","92.3%","±0.8"
"        Two or More Races","978,591","±12,761","10.6%","±0.1","28,156","±2,054","10.2%","±0.7","108,357","±4,172","11.3%","±0.4","38,432","±2,141","8.3%","±0.5","45,243","±2,670","8.6%","±0.5","5,503","±582","5.8%","±0.6","23,032","±1,947","15.1%","±1.3","97,291","±4,197","11.4%","±0.5","18,107","±1,574","5.9%","±0.5","128,485","±4,543","18.1%","±0.6","8,934","±881","6.9%","±0.7","34,872","±2,771","9.1%","±0.7","76,297","±3,251","8.9%","±0.4","48,910","±2,558","7.6%","±0.4","51,367","±2,442","10.1%","±0.5","40,703","±2,770","6.3%","±0.4","100,958","±3,837","19.5%","±0.7","4,063","±546","6.3%","±0.8","30,829","±2,232","8.9%","±0.6","11,290","±963","7.8%","±0.7","69,272","±3,598","12.1%","±0.6","8,490","±927","7.7%","±0.8"
"        One race","8,288,423","±12,761","89.4%","±0.1","246,548","±2,054","89.8%","±0.7","846,360","±4,172","88.7%","±0.4","425,794","±2,141","91.7%","±0.5","478,799","±2,670","91.4%","±0.5","89,733","±582","94.2%","±0.6","129,883","±1,947","84.9%","±1.3","756,839","±4,197","88.6%","±0.5","286,397","±1,574","94.1%","±0.5","581,993","±4,543","81.9%","±0.6","120,514","±881","93.1%","±0.7","348,414","±2,771","90.9%","±0.7","785,238","±3,251","91.1%","±0.4","594,705","±2,558","92.4%","±0.4","459,008","±2,442","89.9%","±0.5","605,731","±2,770","93.7%","±0.4","417,331","±3,837","80.5%","±0.7","60,910","±546","93.7%","±0.8","315,374","±2,232","91.1%","±0.6","133,827","±963","92.2%","±0.7","503,277","±3,598","87.9%","±0.6","101,748","±927","92.3%","±0.8"
"            White","5,276,142","±10,274","56.9%","±0.1","159,688","±1,578","58.1%","±0.6","561,302","±3,951","58.8%","±0.4","306,469","±1,907","66.0%","±0.4","295,701","±1,837","56.4%","±0.4","82,830","±656","87.0%","±0.7","79,484","±1,814","52.0%","±1.2","283,278","±3,447","33.2%","±0.4","234,706","±1,110","77.1%","±0.4","263,094","±3,759","37.0%","±0.5","108,341","±823","83.7%","±0.6","190,842","±2,152","49.8%","±0.6","381,022","±2,808","44.2%","±0.3","490,314","±2,576","76.2%","±0.4","362,246","±2,161","71.0%","±0.4","549,196","±2,768","85.0%","±0.4","242,086","±3,079","46.7%","±0.6","48,173","±512","74.1%","±0.8","187,337","±1,721","54.1%","±0.5","123,044","±829","84.8%","±0.6","238,727","±2,702","41.7%","±0.5","88,262","±685","80.1%","±0.6"
"            Black or African American","1,201,053","±5,996","13.0%","±0.1","38,049","±1,335","13.9%","±0.5","54,559","±1,466","5.7%","±0.2","76,766","±1,714","16.5%","±0.4","98,859","±1,758","18.9%","±0.3","3,237","±402","3.4%","±0.4","27,725","±1,017","18.1%","±0.7","315,154","±2,559","36.9%","±0.3","32,642","±1,149","10.7%","±0.4","86,696","±1,814","12.2%","±0.3","3,394","±284","2.6%","±0.2","73,554","±1,303","19.2%","±0.3","89,702","±1,483","10.4%","±0.2","39,890","±1,277","6.2%","±0.2","16,787","±820","3.3%","±0.2","19,534","±1,031","3.0%","±0.2","55,055","±953","10.6%","±0.2","9,195","±439","14.2%","±0.7","33,339","±725","9.6%","±0.2","3,400","±393","2.3%","±0.3","117,441","±1,616","20.5%","±0.3","6,075","±373","5.5%","±0.3"
"            American Indian and Alaska Native","41,900","±2,889","0.5%","±0.1","1,209","±417","0.4%","±0.2","2,710","±657","0.3%","±0.1","1,078","±544","0.2%","±0.1","1,572","±541","0.3%","±0.1","191","±191","0.2%","±0.2","1,741","±596","1.1%","±0.4","3,926","±758","0.5%","±0.1","333","±153","0.1%","±0.1","6,140","±1,397","0.9%","±0.2","148","±89","0.1%","±0.1","2,693","±908","0.7%","±0.2","7,925","±1,246","0.9%","±0.1","3,139","±927","0.5%","±0.1","706","±227","0.1%","±0.1","2,457","±781","0.4%","±0.1","1,878","±489","0.4%","±0.1","153","±110","0.2%","±0.2","1,352","±590","0.4%","±0.2","279","±234","0.2%","±0.2","1,871","±569","0.3%","±0.1","399","±264","0.4%","±0.2"
"                Aztec","9,078","±1,385","0.1%","±0.1","597","±356","0.2%","±0.1","239","±159","0.0%","±0.1","55","±78","0.0%","±0.1","269","±165","0.1%","±0.1","43","±65","0.0%","±0.1","154","±156","0.1%","±0.1","318","±183","0.0%","±0.1","0","±32","0.0%","±0.1","1,127","±561","0.2%","±0.1","4","±8","0.0%","±0.1","193","±178","0.1%","±0.1","1,965","±908","0.2%","±0.1","1,448","±708","0.2%","±0.1","12","±19","0.0%","±0.1","1,522","±714","0.2%","±0.1","670","±365","0.1%","±0.1","0","±32","0.0%","±0.1","138","±124","0.0%","±0.1","114","±145","0.1%","±0.1","201","±198","0.0%","±0.1","9","±14","0.0%","±0.1"
"                Blackfeet Tribe of the Blackfeet Indian Reservation of Montana","244","±117","0.0%","±0.1","64","±60","0.0%","±0.1","26","±30","0.0%","±0.1","0","±32","0.0%","±0.1","20","±31","0.0%","±0.1","0","±32","0.0%","±0.1","28","±34","0.0%","±0.1","0","±32","0.0%","±0.1","0","±32","0.0%","±0.1","56","±55","0.0%","±0.1","0","±32","0.0%","±0.1","0","±32","0.0%","±0.1","46","±50","0.0%","±0.1","0","±32","0.0%","±0.1","4","±8","0.0%","±0.1","0","±32","0.0%","±0.1","0","±32","0.0%","±0.1","0","±32","0.0%","±0.1","0","±32","0.0%","±0.1","0","±32","0.0%","±0.1","0","±32","0.0%","±0.1","0","±32","0.0%","±0.1"
"                Maya","6,884","±1,277","0.1%","±0.1","149","±205","0.1%","±0.1","672","±485","0.1%","±0.1","158","±181","0.0%","±0.1","171","±175","0.0%","±0.1","54","±74","0.1%","±0.1","53","±54","0.0%","±0.1","942","±435","0.1%","±0.1","45","±74","0.0%","±0.1","514","±243","0.1%","±0.1","4","±11","0.0%","±0.1","1,176","±643","0.3%","±0.2","854","±527","0.1%","±0.1","722","±487","0.1%","±0.1","120","±118","0.0%","±0.1","143","±179","0.0%","±0.1","142","±164","0.0%","±0.1","39","±59","0.1%","±0.1","550","±490","0.2%","±0.1","0","±32","0.0%","±0.1","376","±276","0.1%","±0.1","0","±32","0.0%","±0.1"
"                Native Village of Barrow Inupiat Traditional Government","0","±32","0.0%","±0.1","0","±32","0.0%","±0.1","0","±32","0.0%","±0.1","0","±32","0.0%","±0.1","0","±32","0.0%","±0.1","0","±32","0.0%","±0.1","0","±32","0.0%","±0.1","0","±32","0.0%","±0.1","0","±32","0.0%","±0.1","0","±32","0.0%","±0.1","0","±32","0.0%","±0.1","0","±32","0.0%","±0.1","0","±32","0.0%","±0.1","0","±32","0.0%","±0.1","0","±32","0.0%","±0.1","0","±32","0.0%","±0.1","0","±32","0.0%","±0.1","0","±32","0.0%","±0.1","0","±32","0.0%","±0.1","0","±32","0.0%","±0.1","0","±32","0.0%","±0.1","0","±32","0.0%","±0.1"
"                Navajo Nation","200","±142","0.0%","±0.1","18","±26","0.0%","±0.1","0","±32","0.0%","±0.1","14","±18","0.0%","±0.1","41","±54","0.0%","±0.1","0","±32","0.0%","±0.1","0","±32","0.0%","±0.1","70","±108","0.0%","±0.1","0","±32","0.0%","±0.1","50","±62","0.0%","±0.1","0","±32","0.0%","±0.1","0","±32","0.0%","±0.1","0","±32","0.0%","±0.1","0","±32","0.0%","±0.1","0","±32","0.0%","±0.1","0","±32","0.0%","±0.1","0","±32","0.0%","±0.1","0","±32","0.0%","±0.1","0","±32","0.0%","±0.1","0","±32","0.0%","±0.1","0","±32","0.0%","±0.1","7","±10","0.0%","±0.1"
"                Nome Eskimo Community","0","±32","0.0%","±0.1","0","±32","0.0%","±0.1","0","±32","0.0%","±0.1","0","±32","0.0%","±0.1","0","±32","0.0%","±0.1","0","±32","0.0%","±0.1","0","±32","0.0%","±0.1","0","±32","0.0%","±0.1","0","±32","0.0%","±0.1","0","±32","0.0%","±0.1","0","±32","0.0%","±0.1","0","±32","0.0%","±0.1","0","±32","0.0%","±0.1","0","±32","0.0%","±0.1","0","±32","0.0%","±0.1","0","±32","0.0%","±0.1","0","±32","0.0%","±0.1","0","±32","0.0%","±0.1","0","±32","0.0%","±0.1","0","±32","0.0%","±0.1","0","±32","0.0%","±0.1","0","±32","0.0%","±0.1"
"                Other American Indian and Alaska Native","25,494","±2,166","0.3%","±0.1","381","±140","0.1%","±0.1","1,773","±416","0.2%","±0.1","851","±490","0.2%","±0.1","1,071","±448","0.2%","±0.1","94","±75","0.1%","±0.1","1,506","±511","1.0%","±0.3","2,596","±537","0.3%","±0.1","288","±128","0.1%","±0.1","4,393","±1,334","0.6%","±0.2","140","±87","0.1%","±0.1","1,324","±650","0.3%","±0.2","5,060","±919","0.6%","±0.1","969","±514","0.2%","±0.1","570","±191","0.1%","±0.1","792","±302","0.1%","±0.1","1,066","±326","0.2%","±0.1","114","±93","0.2%","±0.1","664","±314","0.2%","±0.1","165","±141","0.1%","±0.1","1,294","±469","0.2%","±0.1","383","±265","0.3%","±0.2"
"            Asian","918,644","±3,136","9.9%","±0.1","21,481","±626","7.8%","±0.2","159,137","±1,282","16.7%","±0.1","26,126","±629","5.6%","±0.1","30,601","±632","5.8%","±0.1","623","±131","0.7%","±0.1","2,194","±267","1.4%","±0.2","49,935","±1,014","5.8%","±0.1","9,342","±452","3.1%","±0.1","117,450","±1,198","16.5%","±0.2","5,841","±343","4.5%","±0.3","46,234","±506","12.1%","±0.1","215,990","±1,311","25.1%","±0.2","34,095","±794","5.3%","±0.1","54,323","±932","10.6%","±0.2","11,962","±574","1.9%","±0.1","28,398","±724","5.5%","±0.1","588","±131","0.9%","±0.2","66,196","±916","19.1%","±0.3","2,733","±284","1.9%","±0.2","32,111","±690","5.6%","±0.1","3,284","±321","3.0%","±0.3"
"                Asian Indian","416,648","±7,225","4.5%","±0.1","6,251","±1,088","2.3%","±0.4","32,334","±2,315","3.4%","±0.2","12,449","±1,107","2.7%","±0.2","8,599","±807","1.6%","±0.2","154","±95","0.2%","±0.1","1,394","±342","0.9%","±0.2","19,501","±1,935","2.3%","±0.2","3,030","±580","1.0%","±0.2","53,380","±2,390","7.5%","±0.3","2,944","±574","2.3%","±0.4","26,804","±1,496","7.0%","±0.4","142,946","±3,191","16.6%","±0.4","11,976","±1,154","1.9%","±0.2","29,584","±1,294","5.8%","±0.3","1,947","±596","0.3%","±0.1","13,786","±1,243","2.7%","±0.2","90","±72","0.1%","±0.1","37,163","±1,895","10.7%","±0.5","784","±318","0.5%","±0.2","10,794","±1,110","1.9%","±0.2","738","±334","0.7%","±0.3"
"                Chinese","159,821","±4,689","1.7%","±0.1","3,992","±656","1.5%","±0.2","22,765","±1,717","2.4%","±0.2","3,500","±568","0.8%","±0.1","5,483","±737","1.0%","±0.1","72","±60","0.1%","±0.1","46","±59","0.0%","±0.1","11,991","±1,288","1.4%","±0.2","1,149","±332","0.4%","±0.1","22,070","±1,609","3.1%","±0.2","994","±260","0.8%","±0.2","9,109","±1,066","2.4%","±0.3","26,946","±1,674","3.1%","±0.2","9,963","±893","1.5%","±0.1","12,788","±1,331","2.5%","±0.3","2,016","±504","0.3%","±0.1","2,463","±456","0.5%","±0.1","88","±76","0.1%","±0.1","15,831","±1,415","4.6%","±0.4","353","±121","0.2%","±0.1","7,692","±980","1.3%","±0.2","510","±221","0.5%","±0.2"
"                Filipino","118,486","±4,428","1.3%","±0.1","3,214","±775","1.2%","±0.3","23,953","±1,884","2.5%","±0.2","3,086","±626","0.7%","±0.1","5,138","±733","1.0%","±0.1","181","±104","0.2%","±0.1","223","±216","0.1%","±0.1","8,409","±947","1.0%","±0.1","2,062","±472","0.7%","±0.2","21,908","±1,913","3.1%","±0.3","638","±241","0.5%","±0.2","2,580","±515","0.7%","±0.1","14,370","±1,430","1.7%","±0.2","4,552","±825","0.7%","±0.1","3,834","±499","0.8%","±0.1","5,129","±874","0.8%","±0.1","4,864","±807","0.9%","±0.2","274","±167","0.4%","±0.3","4,940","±802","1.4%","±0.2","492","±161","0.3%","±0.1","7,419","±871","1.3%","±0.2","1,220","±436","1.1%","±0.4"
"                Japanese","13,767","±1,249","0.1%","±0.1","287","±203","0.1%","±0.1","5,476","±879","0.6%","±0.1","424","±176","0.1%","±0.1","370","±202","0.1%","±0.1","19","±20","0.0%","±0.1","107","±70","0.1%","±0.1","895","±249","0.1%","±0.1","182","±98","0.1%","±0.1","1,683","±369","0.2%","±0.1","18","±17","0.0%","±0.1","863","±287","0.2%","±0.1","660","±235","0.1%","±0.1","335","±117","0.1%","±0.1","577","±178","0.1%","±0.1","394","±195","0.1%","±0.1","312","±164","0.1%","±0.1","47","±60","0.1%","±0.1","530","±293","0.2%","±0.1","62","±48","0.0%","±0.1","496","±172","0.1%","±0.1","30","±29","0.0%","±0.1"
"                Korean","98,245","±3,388","1.1%","±0.1","1,157","±441","0.4%","±0.2","61,202","±2,820","6.4%","±0.3","2,514","±549","0.5%","±0.1","2,488","±615","0.5%","±0.1","59","±56","0.1%","±0.1","178","±110","0.1%","±0.1","3,295","±633","0.4%","±0.1","739","±274","0.2%","±0.1","5,628","±750","0.8%","±0.1","280","±156","0.2%","±0.1","2,650","±517","0.7%","±0.1","5,997","±1,015","0.7%","±0.1","2,123","±475","0.3%","±0.1","2,958","±630","0.6%","±0.1","1,009","±361","0.2%","±0.1","1,956","±534","0.4%","±0.1","55","±52","0.1%","±0.1","2,105","±478","0.6%","±0.1","270","±138","0.2%","±0.1","1,503","±397","0.3%","±0.1","79","±64","0.1%","±0.1"
"                Vietnamese","21,585","±1,767","0.2%","±0.1","3,249","±806","1.2%","±0.3","1,629","±457","0.2%","±0.1","739","±402","0.2%","±0.1","4,579","±701","0.9%","±0.1","54","±69","0.1%","±0.1","0","±32","0.0%","±0.1","702","±292","0.1%","±0.1","401","±191","0.1%","±0.1","2,568","±702","0.4%","±0.1","145","±90","0.1%","±0.1","430","±220","0.1%","±0.1","2,583","±748","0.3%","±0.1","1,152","±346","0.2%","±0.1","894","±316","0.2%","±0.1","363","±198","0.1%","±0.1","115","±83","0.0%","±0.1","34","±42","0.1%","±0.1","739","±316","0.2%","±0.1","131","±102","0.1%","±0.1","829","±338","0.1%","±0.1","249","±198","0.2%","±0.2"
"                Other Asian","90,092","±4,242","1.0%","±0.1","3,331","±723","1.2%","±0.3","11,778","±1,368","1.2%","±0.1","3,414","±768","0.7%","±0.2","3,944","±745","0.8%","±0.1","84","±86","0.1%","±0.1","246","±154","0.2%","±0.1","5,142","±913","0.6%","±0.1","1,779","±509","0.6%","±0.2","10,213","±1,449","1.4%","±0.2","822","±290","0.6%","±0.2","3,798","±746","1.0%","±0.2","22,488","±2,371","2.6%","±0.3","3,994","±949","0.6%","±0.1","3,688","±760","0.7%","±0.1","1,104","±535","0.2%","±0.1","4,902","±872","0.9%","±0.2","0","±32","0.0%","±0.1","4,888","±1,038","1.4%","±0.3","641","±284","0.4%","±0.2","3,378","±697","0.6%","±0.1","458","±216","0.4%","±0.2"
"            Native Hawaiian and Other Pacific Islander","2,658","±315","0.0%","±0.1","137","±59","0.0%","±0.1","243","±102","0.0%","±0.1","44","±45","0.0%","±0.1","251","±156","0.0%","±0.1","0","±32","0.0%","±0.1","15","±30","0.0%","±0.1","318","±133","0.0%","±0.1","142","±73","0.0%","±0.1","129","±105","0.0%","±0.1","38","±42","0.0%","±0.1","84","±68","0.0%","±0.1","301","±104","0.0%","±0.1","313","±69","0.0%","±0.1","32","±35","0.0%","±0.1","178","±100","0.0%","±0.1","142","±114","0.0%","±0.1","89","±84","0.1%","±0.1","49","±48","0.0%","±0.1","0","±32","0.0%","±0.1","132","±93","0.0%","±0.1","21","±41","0.0%","±0.1"
"                Chamorro","388","±144","0.0%","±0.1","29","±48","0.0%","±0.1","25","±28","0.0%","±0.1","0","±32","0.0%","±0.1","0","±32","0.0%","±0.1","0","±32","0.0%","±0.1","0","±32","0.0%","±0.1","0","±32","0.0%","±0.1","34","±72","0.0%","±0.1","70","±60","0.0%","±0.1","18","±23","0.0%","±0.1","33","±41","0.0%","±0.1","113","±73","0.0%","±0.1","13","±20","0.0%","±0.1","0","±32","0.0%","±0.1","0","±32","0.0%","±0.1","11","±18","0.0%","±0.1","0","±32","0.0%","±0.1","0","±32","0.0%","±0.1","0","±32","0.0%","±0.1","42","±41","0.0%","±0.1","0","±32","0.0%","±0.1"
"                Native Hawaiian","565","±195","0.0%","±0.1","7","±15","0.0%","±0.1","96","±72","0.0%","±0.1","34","±38","0.0%","±0.1","71","±70","0.0%","±0.1","0","±32","0.0%","±0.1","15","±30","0.0%","±0.1","65","±73","0.0%","±0.1","0","±32","0.0%","±0.1","0","±32","0.0%","±0.1","0","±32","0.0%","±0.1","0","±32","0.0%","±0.1","40","±58","0.0%","±0.1","0","±32","0.0%","±0.1","20","±18","0.0%","±0.1","44","±36","0.0%","±0.1","103","±99","0.0%","±0.1","0","±32","0.0%","±0.1","49","±48","0.0%","±0.1","0","±32","0.0%","±0.1","21","±30","0.0%","±0.1","0","±32","0.0%","±0.1"
"                Samoan","438","±193","0.0%","±0.1","13","±26","0.0%","±0.1","62","±61","0.0%","±0.1","2","±4","0.0%","±0.1","14","±16","0.0%","±0.1","0","±32","0.0%","±0.1","0","±32","0.0%","±0.1","75","±83","0.0%","±0.1","4","±10","0.0%","±0.1","0","±32","0.0%","±0.1","0","±32","0.0%","±0.1","19","±37","0.0%","±0.1","0","±32","0.0%","±0.1","64","±79","0.0%","±0.1","12","±20","0.0%","±0.1","84","±78","0.0%","±0.1","0","±32","0.0%","±0.1","89","±84","0.1%","±0.1","0","±32","0.0%","±0.1","0","±32","0.0%","±0.1","0","±32","0.0%","±0.1","0","±32","0.0%","±0.1"
"                Other Native Hawaiian and Other Pacific Islander","1,267","±262","0.0%","±0.1","88","±48","0.0%","±0.1","60","±62","0.0%","±0.1","8","±13","0.0%","±0.1","166","±144","0.0%","±0.1","0","±32","0.0%","±0.1","0","±32","0.0%","±0.1","178","±72","0.0%","±0.1","104","±78","0.0%","±0.1","59","±73","0.0%","±0.1","20","±33","0.0%","±0.1","32","±37","0.0%","±0.1","148","±142","0.0%","±0.1","236","±100","0.0%","±0.1","0","±32","0.0%","±0.1","50","±71","0.0%","±0.1","28","±38","0.0%","±0.1","0","±32","0.0%","±0.1","0","±32","0.0%","±0.1","0","±32","0.0%","±0.1","69","±72","0.0%","±0.1","21","±41","0.0%","±0.1"
"            Some Other Race","848,026","±11,946","9.2%","±0.1","25,984","±2,149","9.5%","±0.8","68,409","±3,467","7.2%","±0.4","15,311","±1,594","3.3%","±0.3","51,815","±2,456","9.9%","±0.5","2,852","±617","3.0%","±0.6","18,724","±1,912","12.2%","±1.3","104,228","±3,895","12.2%","±0.5","9,232","±1,118","3.0%","±0.4","108,484","±4,147","15.3%","±0.6","2,752","±555","2.1%","±0.4","35,007","±2,973","9.1%","±0.8","90,298","±3,519","10.5%","±0.4","26,954","±1,988","4.2%","±0.3","24,914","±2,364","4.9%","±0.5","22,404","±2,930","3.5%","±0.5","89,772","±3,664","17.3%","±0.7","2,712","±557","4.2%","±0.9","27,101","±2,173","7.8%","±0.6","4,371","±648","3.0%","±0.4","112,995","±3,883","19.7%","±0.7","3,707","±710","3.4%","±0.6"
"        Two or More Races","978,591","±12,761","10.6%","±0.1","28,156","±2,054","10.2%","±0.7","108,357","±4,172","11.3%","±0.4","38,432","±2,141","8.3%","±0.5","45,243","±2,670","8.6%","±0.5","5,503","±582","5.8%","±0.6","23,032","±1,947","15.1%","±1.3","97,291","±4,197","11.4%","±0.5","18,107","±1,574","5.9%","±0.5","128,485","±4,543","18.1%","±0.6","8,934","±881","6.9%","±0.7","34,872","±2,771","9.1%","±0.7","76,297","±3,251","8.9%","±0.4","48,910","±2,558","7.6%","±0.4","51,367","±2,442","10.1%","±0.5","40,703","±2,770","6.3%","±0.4","100,958","±3,837","19.5%","±0.7","4,063","±546","6.3%","±0.8","30,829","±2,232","8.9%","±0.6","11,290","±963","7.8%","±0.7","69,272","±3,598","12.1%","±0.6","8,490","±927","7.7%","±0.8"
"            White and Black or African American","95,629","±4,458","1.0%","±0.1","4,624","±1,039","1.7%","±0.4","6,543","±1,056","0.7%","±0.1","9,673","±1,489","2.1%","±0.3","6,415","±1,011","1.2%","±0.2","1,440","±356","1.5%","±0.4","2,123","±591","1.4%","±0.4","11,397","±2,056","1.3%","±0.2","4,404","±967","1.4%","±0.3","7,301","±1,068","1.0%","±0.2","409","±151","0.3%","±0.1","4,059","±830","1.1%","±0.2","8,937","±1,300","1.0%","±0.2","6,103","±925","0.9%","±0.1","3,924","±627","0.8%","±0.1","4,893","±851","0.8%","±0.1","3,174","±750","0.6%","±0.1","912","±258","1.4%","±0.4","1,913","±425","0.6%","±0.1","1,033","±362","0.7%","±0.2","5,140","±929","0.9%","±0.2","1,212","±331","1.1%","±0.3"
"            White and American Indian and Alaska Native","21,715","±915","0.2%","±0.1","755","±166","0.3%","±0.1","1,648","±497","0.2%","±0.1","1,502","±99","0.3%","±0.1","1,565","±243","0.3%","±0.1","325","±28","0.3%","±0.1","528","±141","0.3%","±0.1","1,373","±249","0.2%","±0.1","1,021","±164","0.3%","±0.1","1,376","±325","0.2%","±0.1","264","±25","0.2%","±0.1","803","±123","0.2%","±0.1","2,302","±400","0.3%","±0.1","1,745","±226","0.3%","±0.1","976","±167","0.2%","±0.1","1,610","±217","0.2%","±0.1","1,159","±173","0.2%","±0.1","307","±37","0.5%","±0.1","614","±127","0.2%","±0.1","492","±59","0.3%","±0.1","1,071","±208","0.2%","±0.1","279","±63","0.3%","±0.1"
"            White and Asian","73,403","±2,862","0.8%","±0.1","2,395","±477","0.9%","±0.2","10,663","±1,193","1.1%","±0.1","4,232","±528","0.9%","±0.1","3,763","±510","0.7%","±0.1","780","±279","0.8%","±0.3","286","±210","0.2%","±0.1","5,371","±743","0.6%","±0.1","2,488","±421","0.8%","±0.1","5,455","±720","0.8%","±0.1","1,172","±286","0.9%","±0.2","3,133","±542","0.8%","±0.1","6,115","±1,020","0.7%","±0.1","4,819","±646","0.7%","±0.1","6,835","±896","1.3%","±0.2","3,235","±633","0.5%","±0.1","2,667","±616","0.5%","±0.1","372","±243","0.6%","±0.4","4,720","±829","1.4%","±0.2","1,072","±215","0.7%","±0.1","3,303","±514","0.6%","±0.1","527","±253","0.5%","±0.2"
"            White and Some Other Race","619,971","±10,544","6.7%","±0.1","15,628","±1,776","5.7%","±0.6","71,130","±3,855","7.5%","±0.4","14,849","±1,372","3.2%","±0.3","21,770","±2,076","4.2%","±0.4","2,267","±523","2.4%","±0.5","15,974","±1,700","10.4%","±1.1","53,659","±3,474","6.3%","±0.4","7,288","±982","2.4%","±0.3","93,498","±4,952","13.2%","±0.7","6,270","±741","4.8%","±0.6","19,577","±2,127","5.1%","±0.6","42,818","±2,795","5.0%","±0.3","29,813","±2,184","4.6%","±0.3","34,918","±2,075","6.8%","±0.4","25,571","±2,371","4.0%","±0.4","84,963","±3,641","16.4%","±0.7","1,742","±396","2.7%","±0.6","18,888","±1,840","5.5%","±0.5","7,666","±782","5.3%","±0.5","46,612","±3,253","8.1%","±0.6","5,070","±679","4.6%","±0.6"
"            Black or African American and American Indian and Alaska Native","10,772","±1,279","0.1%","±0.1","507","±257","0.2%","±0.1","660","±302","0.1%","±0.1","683","±284","0.1%","±0.1","1,849","±642","0.4%","±0.1","126","±89","0.1%","±0.1","391","±181","0.3%","±0.1","1,250","±341","0.1%","±0.1","188","±85","0.1%","±0.1","1,397","±611","0.2%","±0.1","43","±44","0.0%","±0.1","201","±118","0.1%","±0.1","783","±344","0.1%","±0.1","760","±323","0.1%","±0.1","136","±94","0.0%","±0.1","235","±153","0.0%","±0.1","439","±205","0.1%","±0.1","72","±74","0.1%","±0.1","127","±90","0.0%","±0.1","32","±43","0.0%","±0.1","850","±385","0.1%","±0.1","43","±50","0.0%","±0.1"
"            Black or African American and Some Other Race","62,263","±3,780","0.7%","±0.1","1,471","±537","0.5%","±0.2","6,719","±1,093","0.7%","±0.1","2,362","±623","0.5%","±0.1","2,820","±660","0.5%","±0.1","121","±115","0.1%","±0.1","833","±439","0.5%","±0.3","14,627","±1,924","1.7%","±0.2","411","±158","0.1%","±0.1","7,793","±1,269","1.1%","±0.2","140","±71","0.1%","±0.1","3,046","±1,063","0.8%","±0.3","5,563","±1,076","0.6%","±0.1","1,493","±477","0.2%","±0.1","996","±442","0.2%","±0.1","1,733","±875","0.3%","±0.1","3,935","±864","0.8%","±0.2","207","±156","0.3%","±0.2","1,201","±401","0.3%","±0.1","236","±143","0.2%","±0.1","6,186","±1,076","1.1%","±0.2","370","±161","0.3%","±0.1"
"Race alone or in combination with one or more other races","","","","","","","","","","","","","","","","","","","","","","","","","","","","","","","","","","","","","","","","","","","","","","","","","","","","","","","","","","","","","","","","","","","","","","","","","","","","","","","","","","","","","","","",""
"    Total population","9,267,014","*****","9,267,014","(X)","274,704","*****","274,704","(X)","954,717","*****","954,717","(X)","464,226","*****","464,226","(X)","524,042","*****","524,042","(X)","95,236","*****","95,236","(X)","152,915","*****","152,915","(X)","854,130","*****","854,130","(X)","304,504","*****","304,504","(X)","710,478","*****","710,478","(X)","129,448","*****","129,448","(X)","383,286","*****","383,286","(X)","861,535","*****","861,535","(X)","643,615","*****","643,615","(X)","510,375","*****","510,375","(X)","646,434","*****","646,434","(X)","518,289","*****","518,289","(X)","64,973","*****","64,973","(X)","346,203","*****","346,203","(X)","145,117","*****","145,117","(X)","572,549","*****","572,549","(X)","110,238","*****","110,238","(X)"
"        White","6,143,373","±13,271","66.3%","±0.1","184,642","±2,340","67.2%","±0.9","658,026","±4,009","68.9%","±0.4","339,997","±2,357","73.2%","±0.5","333,729","±2,667","63.7%","±0.5","88,083","±624","92.5%","±0.7","100,392","±2,083","65.7%","±1.4","360,252","±4,057","42.2%","±0.5","251,821","±1,523","82.7%","±0.5","376,887","±4,328","53.0%","±0.6","116,840","±670","90.3%","±0.5","220,570","±3,116","57.5%","±0.8","445,843","±3,449","51.7%","±0.4","535,266","±2,338","83.2%","±0.4","411,325","±2,455","80.6%","±0.5","586,845","±2,872","90.8%","±0.4","336,775","±3,841","65.0%","±0.7","51,799","±646","79.7%","±1.0","215,685","±2,244","62.3%","±0.6","133,968","±770","92.3%","±0.5","298,695","±4,108","52.2%","±0.7","95,933","±902","87.0%","±0.8"
"        Black or African American","1,424,161","±6,367","15.4%","±0.1","46,341","±978","16.9%","±0.4","74,621","±2,078","7.8%","±0.2","93,268","±1,003","20.1%","±0.2","115,158","±1,582","22.0%","±0.3","5,035","±256","5.3%","±0.3","32,968","±990","21.6%","±0.6","348,392","±2,492","40.8%","±0.3","39,063","±708","12.8%","±0.2","109,334","±2,449","15.4%","±0.3","4,259","±250","3.3%","±0.2","83,144","±1,418","21.7%","±0.4","109,839","±1,954","12.7%","±0.2","50,555","±951","7.9%","±0.1","23,932","±1,035","4.7%","±0.2","28,075","±1,368","4.3%","±0.2","64,927","±1,369","12.5%","±0.3","10,614","±367","16.3%","±0.6","38,368","±815","11.1%","±0.2","4,957","±271","3.4%","±0.2","133,225","±1,686","23.3%","±0.3","8,086","±269","7.3%","±0.2"
"        American Indian and Alaska Native","111,544","±4,129","1.2%","±0.1","4,100","±919","1.5%","±0.3","9,021","±1,367","0.9%","±0.1","5,877","±796","1.3%","±0.2","7,583","±1,123","1.4%","±0.2","896","±286","0.9%","±0.3","4,541","±961","3.0%","±0.6","9,274","±1,055","1.1%","±0.1","2,662","±536","0.9%","±0.2","13,327","±1,916","1.9%","±0.3","619","±182","0.5%","±0.1","5,398","±1,076","1.4%","±0.3","14,437","±1,459","1.7%","±0.2","7,157","±1,188","1.1%","±0.2","2,974","±564","0.6%","±0.1","5,621","±1,099","0.9%","±0.2","5,257","±789","1.0%","±0.2","615","±159","0.9%","±0.2","3,696","±895","1.1%","±0.3","1,285","±307","0.9%","±0.2","6,291","±894","1.1%","±0.2","913","±281","0.8%","±0.3"
"        Asian","1,033,927","±2,617","11.2%","±0.1","25,030","±358","9.1%","±0.1","174,500","±754","18.3%","±0.1","32,568","±564","7.0%","±0.1","38,090","±937","7.3%","±0.2","1,471","±201","1.5%","±0.2","3,223","±466","2.1%","±0.3","59,961","±1,092","7.0%","±0.1","12,713","±244","4.2%","±0.1","127,479","±988","17.9%","±0.1","7,420","±126","5.7%","±0.1","50,922","±611","13.3%","±0.2","227,164","±1,205","26.4%","±0.1","41,104","±525","6.4%","±0.1","62,832","±436","12.3%","±0.1","16,659","±332","2.6%","±0.1","33,151","±590","6.4%","±0.1","1,120","±233","1.7%","±0.4","72,269","±388","20.9%","±0.1","4,142","±106","2.9%","±0.1","37,699","±861","6.6%","±0.2","4,410","±324","4.0%","±0.3"
"        Native Hawaiian and Other Pacific Islander","12,371","±1,330","0.1%","±0.1","279","±60","0.1%","±0.1","850","±176","0.1%","±0.1","713","±248","0.2%","±0.1","1,001","±244","0.2%","±0.1","231","±125","0.2%","±0.1","130","±193","0.1%","±0.1","1,283","±463","0.2%","±0.1","352","±129","0.1%","±0.1","1,140","±287","0.2%","±0.1","80","±66","0.1%","±0.1","421","±258","0.1%","±0.1","1,400","±588","0.2%","±0.1","1,059","±448","0.2%","±0.1","346","±164","0.1%","±0.1","820","±263","0.1%","±0.1","713","±250","0.1%","±0.1","304","±228","0.5%","±0.4","373","±169","0.1%","±0.1","66","±63","0.0%","±0.1","528","±254","0.1%","±0.1","282","±266","0.3%","±0.2"
"        Some Other Race","1,586,773","±12,980","17.1%","±0.1","44,142","±1,854","16.1%","±0.7","153,848","±4,347","16.1%","±0.5","34,338","±2,067","7.4%","±0.4","79,311","±2,469","15.1%","±0.5","5,345","±730","5.6%","±0.8","36,925","±2,067","24.1%","±1.4","178,549","±4,488","20.9%","±0.5","18,339","±1,337","6.0%","±0.4","218,448","±4,446","30.7%","±0.6","9,549","±804","7.4%","±0.6","59,907","±2,283","15.6%","±0.6","144,883","±3,766","16.8%","±0.4","60,191","±2,747","9.4%","±0.4","63,045","±2,412","12.4%","±0.5","51,674","±2,946","8.0%","±0.5","181,958","±3,435","35.1%","±0.7","4,814","±636","7.4%","±1.0","49,224","±1,891","14.2%","±0.5","12,711","±808","8.8%","±0.6","169,830","±2,887","29.7%","±0.5","9,742","±790","8.8%","±0.7"
"HISPANIC OR LATINO AND RACE","","","","","","","","","","","","","","","","","","","","","","","","","","","","","","","","","","","","","","","","","","","","","","","","","","","","","","","","","","","","","","","","","","","","","","","","","","","","","","","","","","","","","","","",""
"    Total population","9,267,014","*****","9,267,014","(X)","274,704","*****","274,704","(X)","954,717","*****","954,717","(X)","464,226","*****","464,226","(X)","524,042","*****","524,042","(X)","95,236","*****","95,236","(X)","152,915","*****","152,915","(X)","854,130","*****","854,130","(X)","304,504","*****","304,504","(X)","710,478","*****","710,478","(X)","129,448","*****","129,448","(X)","383,286","*****","383,286","(X)","861,535","*****","861,535","(X)","643,615","*****","643,615","(X)","510,375","*****","510,375","(X)","646,434","*****","646,434","(X)","518,289","*****","518,289","(X)","64,973","*****","64,973","(X)","346,203","*****","346,203","(X)","145,117","*****","145,117","(X)","572,549","*****","572,549","(X)","110,238","*****","110,238","(X)"
"        Hispanic or Latino (of any race)","2,032,968","*****","21.9%","*****","54,686","*****","19.9%","*****","211,044","*****","22.1%","*****","42,820","*****","9.2%","*****","97,957","*****","18.7%","*****","7,676","*****","8.1%","*****","53,457","*****","35.0%","*****","210,724","*****","24.7%","*****","23,885","*****","7.8%","*****","289,220","*****","40.7%","*****","11,451","*****","8.8%","*****","85,269","*****","22.2%","*****","198,174","*****","23.0%","*****","81,564","*****","12.7%","*****","78,992","*****","15.5%","*****","68,729","*****","10.6%","*****","225,149","*****","43.4%","*****","6,975","*****","10.7%","*****","59,019","*****","17.0%","*****","16,039","*****","11.1%","*****","196,795","*****","34.4%","*****","13,343","*****","12.1%","*****"
"            Mexican","235,772","±6,719","2.5%","±0.1","12,696","±1,439","4.6%","±0.5","10,503","±1,462","1.1%","±0.2","4,624","±924","1.0%","±0.2","13,687","±1,802","2.6%","±0.3","2,774","±576","2.9%","±0.6","18,755","±1,980","12.3%","±1.3","10,559","±1,409","1.2%","±0.2","3,579","±632","1.2%","±0.2","18,385","±2,035","2.6%","±0.3","1,961","±720","1.5%","±0.6","5,238","±1,097","1.4%","±0.3","29,414","±2,687","3.4%","±0.3","21,812","±1,505","3.4%","±0.2","8,570","±1,412","1.7%","±0.3","15,791","±1,749","2.4%","±0.3","36,465","±3,067","7.0%","±0.6","1,654","±565","2.5%","±0.9","7,098","±1,413","2.1%","±0.4","662","±268","0.5%","±0.2","10,492","±1,814","1.8%","±0.3","1,053","±365","1.0%","±0.3"
"            Puerto Rican","474,542","±9,522","5.1%","±0.1","18,805","±1,666","6.8%","±0.6","31,098","±2,092","3.3%","±0.2","18,830","±1,162","4.1%","±0.3","44,718","±2,316","8.5%","±0.4","2,690","±498","2.8%","±0.5","25,601","±1,854","16.7%","±1.2","53,358","±3,121","6.2%","±0.4","12,219","±1,044","4.0%","±0.3","52,055","±3,210","7.3%","±0.5","2,479","±555","1.9%","±0.4","19,660","±2,176","5.1%","±0.6","43,804","±2,751","5.1%","±0.3","23,544","±1,892","3.7%","±0.3","15,429","±1,572","3.0%","±0.3","23,796","±1,955","3.7%","±0.3","34,567","±2,312","6.7%","±0.4","4,249","±564","6.5%","±0.9","9,728","±1,498","2.8%","±0.4","5,500","±636","3.8%","±0.4","28,420","±2,222","5.0%","±0.4","3,992","±628","3.6%","±0.6"
"            Cuban","94,084","±3,981","1.0%","±0.1","1,463","±437","0.5%","±0.2","14,699","±1,289","1.5%","±0.1","1,665","±498","0.4%","±0.1","2,441","±746","0.5%","±0.1","275","±181","0.3%","±0.2","578","±327","0.4%","±0.2","6,035","±1,183","0.7%","±0.1","530","±197","0.2%","±0.1","26,153","±2,458","3.7%","±0.3","1,044","±328","0.8%","±0.3","1,451","±413","0.4%","±0.1","5,745","±845","0.7%","±0.1","4,566","±826","0.7%","±0.1","4,039","±605","0.8%","±0.1","2,212","±487","0.3%","±0.1","4,646","±844","0.9%","±0.2","122","±91","0.2%","±0.1","1,916","±469","0.6%","±0.1","1,370","±355","0.9%","±0.2","12,259","±1,586","2.1%","±0.3","875","±396","0.8%","±0.4"
"            Other Hispanic or Latino","1,228,570","±10,858","13.3%","±0.1","21,722","±1,821","7.9%","±0.7","154,744","±2,695","16.2%","±0.3","17,701","±1,147","3.8%","±0.2","37,111","±2,319","7.1%","±0.4","1,937","±541","2.0%","±0.6","8,523","±1,307","5.6%","±0.9","140,772","±3,346","16.5%","±0.4","7,557","±1,048","2.5%","±0.3","192,627","±3,923","27.1%","±0.6","5,967","±632","4.6%","±0.5","58,920","±2,506","15.4%","±0.7","119,211","±3,570","13.8%","±0.4","31,642","±2,159","4.9%","±0.3","50,954","±2,056","10.0%","±0.4","26,930","±2,270","4.2%","±0.4","149,471","±3,632","28.8%","±0.7","950","±343","1.5%","±0.5","40,277","±1,814","11.6%","±0.5","8,507","±678","5.9%","±0.5","145,624","±3,253","25.4%","±0.6","7,423","±699","6.7%","±0.6"
"        Not Hispanic or Latino","7,234,046","*****","78.1%","*****","220,018","*****","80.1%","*****","743,673","*****","77.9%","*****","421,406","*****","90.8%","*****","426,085","*****","81.3%","*****","87,560","*****","91.9%","*****","99,458","*****","65.0%","*****","643,406","*****","75.3%","*****","280,619","*****","92.2%","*****","421,258","*****","59.3%","*****","117,997","*****","91.2%","*****","298,017","*****","77.8%","*****","663,361","*****","77.0%","*****","562,051","*****","87.3%","*****","431,383","*****","84.5%","*****","577,705","*****","89.4%","*****","293,140","*****","56.6%","*****","57,998","*****","89.3%","*****","287,184","*****","83.0%","*****","129,078","*****","88.9%","*****","375,754","*****","65.6%","*****","96,895","*****","87.9%","*****"
"            White alone","4,813,341","±4,754","51.9%","±0.1","149,802","±719","54.5%","±0.3","501,031","±1,418","52.5%","±0.1","295,500","±1,165","63.7%","±0.3","280,083","±942","53.4%","±0.2","80,399","±326","84.4%","±0.3","64,068","±571","41.9%","±0.4","238,415","±1,894","27.9%","±0.2","228,951","±602","75.2%","±0.2","199,498","±1,151","28.1%","±0.2","104,980","±485","81.1%","±0.4","169,549","±401","44.2%","±0.1","333,972","±1,254","38.8%","±0.1","464,290","±1,487","72.1%","±0.2","341,684","±935","66.9%","±0.2","528,799","±1,555","81.8%","±0.2","201,527","±730","38.9%","±0.1","46,141","±219","71.0%","±0.3","175,148","±788","50.6%","±0.2","117,519","±464","81.0%","±0.3","207,815","±1,222","36.3%","±0.2","84,170","±410","76.4%","±0.4"
"            Black or African American alone","1,138,893","±4,885","12.3%","±0.1","36,256","±1,196","13.2%","±0.4","50,548","±1,285","5.3%","±0.1","73,455","±1,525","15.8%","±0.3","92,876","±1,372","17.7%","±0.3","2,951","±369","3.1%","±0.4","26,092","±874","17.1%","±0.6","307,823","±2,384","36.0%","±0.3","30,792","±952","10.1%","±0.3","76,501","±1,272","10.8%","±0.2","3,083","±184","2.4%","±0.1","70,288","±1,120","18.3%","±0.3","82,833","±1,111","9.6%","±0.1","37,706","±1,057","5.9%","±0.2","15,264","±635","3.0%","±0.1","18,551","±775","2.9%","±0.1","51,612","±693","10.0%","±0.1","8,628","±299","13.3%","±0.5","32,114","±605","9.3%","±0.2","3,292","±378","2.3%","±0.3","112,379","±1,208","19.6%","±0.2","5,849","±360","5.3%","±0.3"
"            American Indian and Alaska Native alone","6,790","±487","0.1%","±0.1","244","±88","0.1%","±0.1","868","±175","0.1%","±0.1","122","±60","0.0%","±0.1","183","±86","0.0%","±0.1","25","±28","0.0%","±0.1","801","±134","0.5%","±0.1","1,224","±212","0.1%","±0.1","88","±50","0.0%","±0.1","975","±314","0.1%","±0.1","24","±22","0.0%","±0.1","308","±111","0.1%","±0.1","596","±178","0.1%","±0.1","110","±55","0.0%","±0.1","177","±86","0.0%","±0.1","123","±49","0.0%","±0.1","316","±138","0.1%","±0.1","35","±35","0.1%","±0.1","203","±82","0.1%","±0.1","23","±14","0.0%","±0.1","256","±148","0.0%","±0.1","89","±52","0.1%","±0.1"
"            Asian alone","910,968","±3,003","9.8%","±0.1","21,268","±569","7.7%","±0.2","158,311","±1,334","16.6%","±0.1","25,819","±548","5.6%","±0.1","30,309","±584","5.8%","±0.1","623","±131","0.7%","±0.1","2,054","±241","1.3%","±0.2","48,998","±959","5.7%","±0.1","9,249","±444","3.0%","±0.1","115,819","±1,040","16.3%","±0.1","5,750","±337","4.4%","±0.3","45,914","±521","12.0%","±0.1","215,014","±1,383","25.0%","±0.2","33,844","±792","5.3%","±0.1","54,003","±902","10.6%","±0.2","11,926","±576","1.8%","±0.1","27,940","±668","5.4%","±0.1","588","±131","0.9%","±0.2","66,017","±897","19.1%","±0.3","2,704","±285","1.9%","±0.2","31,556","±672","5.5%","±0.1","3,262","±321","3.0%","±0.3"
"            Native Hawaiian and Other Pacific Islander alone","1,955","±256","0.0%","±0.1","137","±59","0.0%","±0.1","206","±74","0.0%","±0.1","25","±28","0.0%","±0.1","92","±48","0.0%","±0.1","0","±32","0.0%","±0.1","15","±30","0.0%","±0.1","192","±72","0.0%","±0.1","142","±73","0.0%","±0.1","129","±105","0.0%","±0.1","38","±42","0.0%","±0.1","65","±56","0.0%","±0.1","249","±90","0.0%","±0.1","249","±43","0.0%","±0.1","8","±12","0.0%","±0.1","122","±73","0.0%","±0.1","114","±106","0.0%","±0.1","89","±84","0.1%","±0.1","33","±35","0.0%","±0.1","0","±32","0.0%","±0.1","29","±34","0.0%","±0.1","21","±41","0.0%","±0.1"
"            Some Other Race alone","69,560","±4,267","0.8%","±0.1","1,267","±518","0.5%","±0.2","6,856","±1,340","0.7%","±0.1","3,310","±892","0.7%","±0.2","3,616","±908","0.7%","±0.2","253","±231","0.3%","±0.2","1,251","±653","0.8%","±0.4","12,186","±1,461","1.4%","±0.2","1,360","±514","0.4%","±0.2","6,220","±1,086","0.9%","±0.2","527","±219","0.4%","±0.2","1,086","±372","0.3%","±0.1","6,052","±1,554","0.7%","±0.2","4,674","±1,034","0.7%","±0.2","3,278","±701","0.6%","±0.1","3,342","±1,158","0.5%","±0.2","2,489","±622","0.5%","±0.1","209","±155","0.3%","±0.2","2,825","±598","0.8%","±0.2","735","±236","0.5%","±0.2","7,741","±1,348","1.4%","±0.2","283","±152","0.3%","±0.1"
"            Two or More Races","292,539","±6,266","3.2%","±0.1","11,044","±1,266","4.0%","±0.5","25,853","±1,960","2.7%","±0.2","23,175","±1,770","5.0%","±0.4","18,926","±1,453","3.6%","±0.3","3,309","±432","3.5%","±0.5","5,177","±982","3.4%","±0.6","34,568","±2,807","4.0%","±0.3","10,037","±1,141","3.3%","±0.4","22,116","±1,824","3.1%","±0.3","3,595","±522","2.8%","±0.4","10,807","±1,195","2.8%","±0.3","24,645","±1,989","2.9%","±0.2","21,178","±1,613","3.3%","±0.3","16,969","±1,385","3.3%","±0.3","14,842","±1,266","2.3%","±0.2","9,142","±1,130","1.8%","±0.2","2,308","±409","3.6%","±0.6","10,844","±1,227","3.1%","±0.4","4,805","±649","3.3%","±0.4","15,978","±1,519","2.8%","±0.3","3,221","±626","2.9%","±0.6"
"                Two races including Some Other Race","87,732","±3,702","0.9%","±0.1","1,682","±499","0.6%","±0.2","7,096","±1,038","0.7%","±0.1","5,403","±1,043","1.2%","±0.2","3,501","±691","0.7%","±0.1","549","±225","0.6%","±0.2","1,063","±521","0.7%","±0.3","16,346","±2,009","1.9%","±0.2","1,666","±444","0.5%","±0.1","7,885","±1,269","1.1%","±0.2","1,501","±391","1.2%","±0.3","1,797","±387","0.5%","±0.1","6,847","±1,049","0.8%","±0.1","7,303","±1,366","1.1%","±0.2","4,774","±764","0.9%","±0.1","4,946","±932","0.8%","±0.1","2,574","±584","0.5%","±0.1","598","±230","0.9%","±0.4","3,112","±754","0.9%","±0.2","2,033","±441","1.4%","±0.3","5,793","±1,005","1.0%","±0.2","1,263","±386","1.1%","±0.4"
"                Two races excluding Some Other Race, and three or more races","204,807","±5,272","2.2%","±0.1","9,362","±1,202","3.4%","±0.4","18,757","±1,612","2.0%","±0.2","17,772","±1,513","3.8%","±0.3","15,425","±1,328","2.9%","±0.3","2,760","±385","2.9%","±0.4","4,114","±802","2.7%","±0.5","18,222","±1,561","2.1%","±0.2","8,371","±1,036","2.7%","±0.3","14,231","±1,374","2.0%","±0.2","2,094","±358","1.6%","±0.3","9,010","±1,082","2.4%","±0.3","17,798","±1,676","2.1%","±0.2","13,875","±1,210","2.2%","±0.2","12,195","±1,108","2.4%","±0.2","9,896","±924","1.5%","±0.1","6,568","±1,009","1.3%","±0.2","1,710","±323","2.6%","±0.5","7,732","±952","2.2%","±0.3","2,772","±440","1.9%","±0.3","10,185","±1,061","1.8%","±0.2","1,958","±449","1.8%","±0.4"
"Total housing units","3,775,842","±525","(X)","(X)","132,102","±128","(X)","(X)","368,535","±162","(X)","(X)","185,617","±190","(X)","(X)","213,188","±153","(X)","(X)","99,625","±99","(X)","(X)","57,203","±140","(X)","(X)","335,550","±293","(X)","(X)","117,530","±109","(X)","(X)","317,032","±187","(X)","(X)","51,908","±81","(X)","(X)","150,600","±159","(X)","(X)","316,633","±182","(X)","(X)","269,728","±101","(X)","(X)","198,611","±121","(X)","(X)","295,201","±114","(X)","(X)","185,439","±158","(X)","(X)","27,740","±129","(X)","(X)","132,831","±90","(X)","(X)","62,825","±80","(X)","(X)","211,269","±329","(X)","(X)","46,675","±94","(X)","(X)"
"CITIZEN, VOTING AGE POPULATION","","","","","","","","","","","","","","","","","","","","","","","","","","","","","","","","","","","","","","","","","","","","","","","","","","","","","","","","","","","","","","","","","","","","","","","","","","","","","","","","","","","","","","","",""
"    Citizen, 18 and over population","6,395,961","±8,577","6,395,961","(X)","199,833","±1,216","199,833","(X)","663,527","±2,958","663,527","(X)","352,578","±1,139","352,578","(X)","379,100","±1,699","379,100","(X)","76,483","±350","76,483","(X)","104,374","±917","104,374","(X)","543,878","±3,612","543,878","(X)","233,219","±701","233,219","(X)","434,186","±3,436","434,186","(X)","100,067","±557","100,067","(X)","254,445","±2,238","254,445","(X)","562,983","±2,699","562,983","(X)","480,231","±1,712","480,231","(X)","369,627","±1,737","369,627","(X)","468,432","±1,201","468,432","(X)","328,445","±2,603","328,445","(X)","50,027","±278","50,027","(X)","238,378","±1,717","238,378","(X)","113,576","±469","113,576","(X)","357,286","±3,159","357,286","(X)","85,286","±512","85,286","(X)"
"        Male","3,089,504","±5,197","48.3%","±0.1","96,090","±741","48.1%","±0.3","320,396","±1,807","48.3%","±0.2","172,409","±673","48.9%","±0.1","179,295","±956","47.3%","±0.1","36,818","±259","48.1%","±0.2","52,358","±643","50.2%","±0.3","256,194","±2,262","47.1%","±0.2","112,422","±475","48.2%","±0.1","211,855","±2,134","48.8%","±0.3","49,154","±332","49.1%","±0.2","122,384","±1,435","48.1%","±0.3","275,287","±1,630","48.9%","±0.2","233,033","±1,057","48.5%","±0.1","180,801","±1,139","48.9%","±0.2","223,670","±767","47.7%","±0.1","157,580","±1,557","48.0%","±0.3","24,313","±162","48.6%","±0.2","115,637","±1,049","48.5%","±0.2","56,737","±286","50.0%","±0.1","171,021","±1,879","47.9%","±0.3","42,050","±358","49.3%","±0.2"
"        Female","3,306,457","±5,652","51.7%","±0.1","103,743","±834","51.9%","±0.3","343,131","±1,803","51.7%","±0.2","180,169","±731","51.1%","±0.1","199,805","±959","52.7%","±0.1","39,665","±207","51.9%","±0.2","52,016","±501","49.8%","±0.3","287,684","±2,220","52.9%","±0.2","120,797","±436","51.8%","±0.1","222,331","±2,105","51.2%","±0.3","50,913","±324","50.9%","±0.2","132,061","±1,229","51.9%","±0.3","287,696","±1,610","51.1%","±0.2","247,198","±1,007","51.5%","±0.1","188,826","±953","51.1%","±0.2","244,762","±832","52.3%","±0.1","170,865","±1,598","52.0%","±0.3","25,714","±158","51.4%","±0.2","122,741","±905","51.5%","±0.2","56,839","±282","50.0%","±0.1","186,265","±1,773","52.1%","±0.3","43,236","±304","50.7%","±0.2"